Count,Name,Position X,Position Y,Position Z,Rotation,#,#(1),#(2),CSV_CLEANED
1,TUB-flat-2,"212'-3 11/16""","-17'-1 5/8""","0'-0""",0.00,,,,true
1,TV TRUSS,"-1426'-1 7/8""","114'-2 7/16""","0'-0""",270.00,,,,true
1,TV TRUSS,"-1426'-1 7/8""","124'-2 7/16""","0'-0""",270.00,,,,true
1,TV TRUSS,"-1426'-1 7/8""","134'-2 7/16""","0'-0""",270.00,,,,true
1,TV TRUSS,"-1426'-1 7/8""","144'-2 7/16""","0'-0""",270.00,,,,true
1,65tv,"-1330'-0 13/16""","148'-3 1/4""","0'-0""",270.00,,,,true
1,Ascent (ALB5X-PF-4PL),"-1414'-3 5/16""","142'-6 7/8""","0'-0""",90.00,,,,true
1,Ascent (ALB5X-PF-4PL),"-1414'-3 5/16""","139'-6 7/8""","0'-0""",90.00,,,,true
1,TV TRUSS,"-1426'-1 7/8""","104'-2 7/16""","0'-0""",270.00,,,,true
1,Bike Rec. (R5X-5PL-PF),"-1425'-8 1/2""","106'-5 5/16""","0'-0""",90.00,,,,true
1,Bike Rec. (R5X-5PL-PF),"-1425'-8 1/2""","113'-3 5/16""","0'-0""",90.00,,,,true
1,Floor Mat Rack (ST-Mat-Rack),"-1330'-7 15/16""","141'-10 9/16""","0'-0""",270.00,,,,true
1,Stretching Area,"-1332'-9 3/16""","148'-5 3/8""","0'-0""",270.00,,,,true
1,dynamic_lockers,"-1378'-1 9/16""","122'-2 1/16""","0'-0""",270.00,,,,true
1,ADA Door,"-1362'-8 5/16""","116'-11 1/16""","0'-0""",0.00,,,,true
1,Swing-90,"-1365'-9 1/16""","116'-8 1/16""","0'-0""",0.00,,,,true
1,it,"-1341'-2 1/16""","73'-8 1/4""","0'-0""",0.00,,,,true
1,Bike Rec. (R5X-5PL-PF),"-1425'-8 1/2""","109'-10 5/16""","0'-0""",90.00,,,,true
1,FAN 1,"-1413'-1 13/16""","135'-3 15/16""","0'-0""",0.00,,,,true
1,TV TRUSS,"-1426'-1 7/8""","94'-2 7/16""","0'-0""",270.00,,,,true
1,EX'G WALL TOILET,"-1339'-7 15/16""","124'-2 1/16""","0'-0""",270.00,,,,true
1,Swing-90,"-1348'-1 5/16""","84'-5 7/8""","0'-0""",0.00,,,,true
1,Sink-Bradley_Corp-Express-TLX1-Faucet-Soap - Express TLX-1 Faucet-Soap-799460-PLAN,"-1341'-1 15/16""","82'-5 13/16""","0'-0""",270.00,,,,true
1,EX'G WALL TOILET,"-1339'-7 15/16""","76'-11 7/8""","0'-0""",270.00,,,,true
1,EX'G ADA,"-1342'-3 5/16""","77'-3 13/16""","0'-0""",270.00,,,,true
1,ADA Door,"-1357'-2 5/16""","116'-11 1/16""","0'-0""",0.00,,,,true
1,Swing-90,"-1360'-3 1/16""","116'-8 1/16""","0'-0""",0.00,,,,true
1,ADA Door,"-1333'-3 1/16""","116'-11 1/16""","0'-0""",0.00,,,,true
1,EX'G ADA,"-1342'-3 5/16""","123'-10 1/8""","0'-0""",270.00,,,,true
1,Swing-90,"-1330'-2 5/16""","116'-8 1/16""","0'-0""",180.00,,,,true
1,EX'G WALL TOILET,"-1338'-1 5/8""","124'-2 1/16""","0'-0""",90.00,,,,true
1,ADA CBENCH,"-1349'-11 5/16""","123'-8 1/16""","0'-0""",0.00,,,,true
1,ADA Door,"-1351'-8 5/16""","116'-11 1/16""","0'-0""",0.00,,,,true
1,Swing-90,"-1354'-9 1/16""","116'-8 1/16""","0'-0""",0.00,,,,true
1,ADA Door,"-1345'-0 9/16""","116'-11 1/16""","0'-0""",0.00,,,,true
1,Swing-90,"-1348'-1 5/16""","116'-8 1/16""","0'-0""",0.00,,,,true
1,Sink-Bradley_Corp-Express-TLX1-Faucet-Soap - Express TLX-1 Faucet-Soap-799460-PLAN,"-1341'-1 15/16""","118'-8 1/8""","0'-0""",270.00,,,,true
1,Sink-Bradley_Corp-Express-TLX1-Faucet-Soap - Express TLX-1 Faucet-Soap-799460-PLAN,"-1336'-7 5/8""","118'-8 1/8""","0'-0""",90.00,,,,true
1,ADA Door,"-1345'-0 9/16""","84'-2 7/8""","0'-0""",180.00,,,,true
1,SPEAKER,"-1447'-1 13/16""","153'-3 15/16""","0'-0""",0.00,,,,true
1,F6-1,"-1461'-1 5/16""","111'-10 3/8""","0'-0""",90.00,,,,true
1,Room Name 106A STORAGE,"-1368'-2 5/16""","191'-6 11/16""","0'-0""",0.00,106A,STORAGE,,true
1,Room Name 104B ROOM ADA CHANGING,"-1351'-11 1/8""","78'-10 9/16""","0'-0""",0.00,104B,ROOM,ADA CHANGING,true
1,Room Name 104D ROOM TOILET,"-1334'-2 1/16""","79'-3 11/16""","0'-0""",0.00,104D,ROOM,TOILET,true
1,Room Name 104E SHOWER TOILET/,"-1334'-2 1/16""","96'-8 1/16""","0'-0""",0.00,104E,SHOWER,TOILET/,true
1,Room Name 104F SHOWER RROM ADA TOILET/,"-1345'-0 3/16""","93'-6 5/8""","0'-0""",0.00,104F,SHOWER RROM,ADA TOILET/,true
1,Room Name 104G SHOWER RROM ADA TOILET/,"-1355'-10 1/2""","93'-6 5/8""","0'-0""",0.00,104G,SHOWER RROM,ADA TOILET/,true
1,Room Name 104H SHOWER TOILET/,"-1365'-3 13/16""","96'-8 1/16""","0'-0""",0.00,104H,SHOWER,TOILET/,true
1,Room Name 101B OFFICE,"-1355'-11 9/16""","73'-8 13/16""","0'-0""",0.00,101B,OFFICE,,true
1,Room Name 105 MEN'S CORRIDOR,"-1349'-8 9/16""","113'-9 1/4""","0'-0""",0.00,105,MEN'S CORRIDOR,,true
1,Room Name 105G SHOWER RROM ADA TOILET/,"-1345'-0 3/16""","106'-11 3/16""","0'-0""",0.00,105G,SHOWER RROM,ADA TOILET/,true
1,Room Name 105H SHOWER RROM ADA TOILET/,"-1355'-10 1/2""","106'-11 3/16""","0'-0""",0.00,105H,SHOWER RROM,ADA TOILET/,true
1,Room Name 105J SHOWER TOILET/,"-1365'-3 13/16""","104'-2 7/16""","0'-0""",0.00,105J,SHOWER,TOILET/,true
1,Room Name 105A ROOM CHANGING,"-1363'-9 1/2""","120'-8 3/8""","0'-0""",0.00,105A,ROOM,CHANGING,true
1,Room Name 105D TOILET ADA,"-1344'-1 3/8""","121'-1 1/2""","0'-0""",0.00,105D,TOILET,ADA,true
1,Room Name 105C ROOM ADA CHANGING,"-1351'-11 1/8""","120'-8 3/8""","0'-0""",0.00,105C,ROOM,ADA CHANGING,true
1,Room Name 105E ROOM TOILET,"-1334'-2 1/16""","121'-1 1/2""","0'-0""",0.00,105E,ROOM,TOILET,true
1,Room Name 105F SHOWER TOILET/,"-1334'-2 1/16""","104'-2 7/16""","0'-0""",0.00,105F,SHOWER,TOILET/,true
1,F1,"-1091'-4 7/16""","38'-3 7/8""","0'-0""",0.00,,,,true
1,Room Name 109 STRENGTH,"-1455'-2 1/16""","147'-2 7/16""","0'-0""",0.00,109,STRENGTH,,true
1,Room Name 110 WEIGHTS FREE,"-1447'-9 3/16""","72'-10 5/8""","0'-0""",0.00,110,WEIGHTS,FREE,true
1,Room Name 101 RECEPTION,"-1409'-4 3/4""","71'-9 9/16""","0'-0""",0.00,101,RECEPTION,,true
1,Room Name 102 CHECK-IN,"-1400'-1 7/8""","60'-7 1/2""","0'-0""",0.00,102,CHECK-IN,,true
1,Room Name 100 VESTIBULE,"-1431'-8 5/8""","56'-3 5/16""","0'-0""",0.00,100,VESTIBULE,,true
1,Room Name 103 SPA BLACK CARD,"-1383'-2 7/8""","73'-0 5/8""","0'-0""",0.00,103,SPA,BLACK CARD,true
1,Room Name 101C IT ROOM,"-1344'-1 7/8""","73'-6 3/16""","0'-0""",0.00,101C,IT ROOM,,true
1,Room Name 101A BEAK ROOM EMPLOYEE,"-1366'-6 11/16""","76'-11 3/16""","0'-0""",0.00,101A,BEAK ROOM,EMPLOYEE,true
1,Room Name 103A HYDROMASSAGE,"-1376'-3 3/8""","58'-8 5/16""","0'-0""",0.00,103A,HYDROMASSAGE,,true
1,Room Name 108 CIRCUIT,"-1430'-9 7/16""","115'-11 7/8""","0'-0""",0.00,108,CIRCUIT,,true
1,Room Name 103E ROOM FUTURE AMENITY,"-1333'-10 1/2""","64'-0 11/16""","0'-0""",0.00,103E,ROOM,FUTURE AMENITY,true
1,Room Name 103D TANNING,"-1342'-3 3/16""","56'-8 1/4""","0'-0""",0.00,103D,TANNING,,true
1,Room Name 103C HYBRID,"-1351'-5 3/4""","56'-10 7/16""","0'-0""",0.00,103C,HYBRID,,true
1,Room Name 104A ROOM CHANGING,"-1358'-2 1/4""","78'-10 9/16""","0'-0""",0.00,104A,ROOM,CHANGING,true
1,Room Name 104 WOMEN'S CORRIDOR,"-1350'-8 9/16""","88'-0 13/16""","0'-0""",0.00,104,WOMEN'S CORRIDOR,,true
1,Room Name 104C TOILET ADA,"-1344'-1 3/8""","79'-3 11/16""","0'-0""",0.00,104C,TOILET,ADA,true
1,Room Name 106 MOBILITY ROOM FUNCTION TRAINING/,"-1364'-0 1/2""","158'-5 5/16""","0'-0""",0.00,106,MOBILITY ROOM,FUNCTION TRAINING/,true
1,Room Name 107 CARDIO,"-1398'-7 1/16""","117'-1 3/16""","0'-0""",0.00,107,CARDIO,,true
1,Room Name 103B TANNING,"-1359'-2 15/16""","56'-7 11/16""","0'-0""",0.00,103B,TANNING,,true
1,Room Name 105B ROOM CHANGING,"-1358'-1 13/16""","120'-8 3/8""","0'-0""",0.00,105B,ROOM,CHANGING,true
1,Swing-90,"-1360'-3 1/2""","71'-7 1/8""","0'-0""",270.00,,,,true
1,HOOK,"-1366'-7 5/16""","106'-11 1/16""","0'-0""",180.00,,,,true
1,Treadmill (T5X-5PL-PF),"-1401'-11 1/2""","131'-5 7/8""","0'-0""",0.00,,,,true
1,Treadmill (T5X-5PL-PF),"-1401'-11 1/2""","145'-1 7/8""","0'-0""",0.00,,,,true
1,Treadmill (T5X-5PL-PF),"-1401'-11 1/2""","148'-6 7/8""","0'-0""",0.00,,,,true
1,Treadmill (T5X-5PL-PF),"-1401'-11 1/2""","141'-8 7/8""","0'-0""",0.00,,,,true
1,Starline JBox,"-1417'-9 1/8""","119'-5 5/8""","0'-0""",90.00,,,,true
1,10' length,"-1417'-9 1/8""","108'-5 5/16""","0'-0""",90.00,,,,true
1,Starline JBox,"-1417'-9 1/8""","113'-11 5/16""","0'-0""",90.00,,,,true
1,Treadmill (T5X-5PL-PF),"-1401'-11 1/2""","138'-3 7/8""","0'-0""",0.00,,,,true
1,HM5A,"-1414'-7 5/8""","109'-10 1/16""","0'-0""",0.00,,,,true
1,HM5A,"-1414'-7 5/8""","103'-0 1/16""","0'-0""",0.00,,,,true
1,SciFit Up. (PRO1033-PF-4P1L-PF),"-1424'-10 9/16""","99'-7 3/16""","0'-0""",0.00,,,,true
1,SciFit Rec. (SONE04-PF-4P1L-PF),"-1425'-2 3/8""","103'-0 3/16""","0'-0""",0.00,,,,true
1,Bike Up. (U5X-5PL-PF),"-1426'-0 7/16""","134'-10 7/8""","0'-0""",90.00,,,,true
1,Bike Up. (U5X-5PL-PF),"-1426'-0 7/16""","138'-3 7/8""","0'-0""",90.00,,,,true
1,Bike Rec. (R5X-5PL-PF),"-1425'-8 1/2""","124'-7 7/8""","0'-0""",90.00,,,,true
1,Bike Rec. (R5X-5PL-PF),"-1425'-8 1/2""","128'-0 7/8""","0'-0""",90.00,,,,true
1,HM5A,"-1414'-7 5/8""","106'-5 1/16""","0'-0""",0.00,,,,true
1,Treadmill (T5X-5PL-PF),"-1401'-11 1/2""","113'-3 1/16""","0'-0""",0.00,,,,true
1,10' length,"-1405'-11 13/16""","124'-11 5/8""","0'-0""",90.00,,,,true
1,Treadmill (T5X-5PL-PF),"-1401'-11 1/2""","121'-2 7/8""","0'-0""",0.00,,,,true
1,5' LENGTH,"-1393'-6 13/16""","91'-11 5/16""","0'-0""",90.00,,,,true
1,Starline JBox,"-1393'-6 7/8""","88'-11 5/16""","0'-0""",90.00,,,,true
1,Treadmill (T5X-5PL-PF),"-1401'-11 1/2""","109'-10 1/16""","0'-0""",0.00,,,,true
1,Treadmill (T5X-5PL-PF),"-1401'-11 1/2""","106'-5 1/16""","0'-0""",0.00,,,,true
1,10' length,"-1405'-11 13/16""","108'-5 5/16""","0'-0""",90.00,,,,true
1,10' length,"-1405'-11 13/16""","98'-5 5/16""","0'-0""",90.00,,,,true
1,5' LENGTH,"-1405'-11 13/16""","90'-11 5/16""","0'-0""",90.00,,,,true
1,10' length,"-1405'-11 13/16""","134'-11 5/8""","0'-0""",90.00,,,,true
1,Starline JBox,"-1405'-11 7/8""","113'-11 5/16""","0'-0""",90.00,,,,true
1,Treadmill (T5X-5PL-PF),"-1401'-11 1/2""","96'-2 1/16""","0'-0""",0.00,,,,true
1,Treadmill (T5X-5PL-PF),"-1401'-11 1/2""","103'-0 1/16""","0'-0""",0.00,,,,true
1,Treadmill (T5X-5PL-PF),"-1401'-11 1/2""","89'-4 1/16""","0'-0""",0.00,,,,true
1,10' length,"-1405'-11 13/16""","144'-11 5/8""","0'-0""",90.00,,,,true
1,Starline JBox,"-1405'-11 7/8""","119'-5 5/8""","0'-0""",90.00,,,,true
1,Treadmill (T5X-5PL-PF),"-1401'-11 1/2""","124'-7 7/8""","0'-0""",0.00,,,,true
1,Treadmill (T5X-5PL-PF),"-1401'-11 1/2""","128'-0 7/8""","0'-0""",0.00,,,,true
1,Treadmill (T5X-5PL-PF),"-1401'-11 1/2""","99'-7 1/16""","0'-0""",0.00,,,,true
1,ADA Door,"-1360'-3 1/2""","71'-7 1/8""","0'-0""",270.00,,,,true
1,Treadmill (T5X-5PL-PF),"-1401'-11 1/2""","92'-9 1/16""","0'-0""",0.00,,,,true
1,10' length,"-1417'-9 1/8""","98'-5 5/16""","0'-0""",90.00,,,,true
1,dynamic_lockers,"-1375'-10 3/16""","110'-0 9/16""","0'-0""",180.00,,,,true
1,dynamic_lockers,"-1378'-1 9/16""","132'-1 15/16""","0'-0""",270.00,,,,true
1,ADA Door,"-1328'-8 5/16""","169'-9 7/16""","0'-0""",270.00,,,,true
1,Swing-90,"-1328'-8 5/16""","169'-9 7/16""","0'-0""",90.00,,,,true
1,dynamic_lockers,"-1375'-10 3/16""","91'-2 5/16""","0'-0""",180.00,,,,true
1,Magnum Half Rach MG-A690 with Landmine,"-1338'-7 3/8""","131'-8 1/16""","0'-0""",180.00,,,,true
1,HOOK,"-1366'-7 5/16""","106'-11 1/16""","0'-0""",180.00,,,,true
1,Swing-90,"-1328'-8 5/16""","86'-9 1/16""","0'-0""",270.00,,,,true
1,EX'G WALL TOILET,"-1369'-0 13/16""","101'-10 5/8""","0'-0""",180.00,,,,true
1,ADA Door,"-1365'-0 1/8""","110'-5 1/8""","0'-0""",180.00,,,,true
1,Swing-90,"-1361'-11 3/8""","110'-8 1/8""","0'-0""",180.00,,,,true
1,HOOK,"-1366'-7 5/16""","94'-3 7/8""","0'-0""",0.00,,,,true
1,EX'G WALL TOILET,"-1369'-0 13/16""","99'-4 5/16""","0'-0""",0.00,,,,true
1,Sink-Bradley_Corp-Express-TLX1-Faucet-Soap - Express TLX-1 Faucet-Soap-799460-PLAN,"-1363'-7 5/16""","97'-10 5/16""","0'-0""",0.00,,,,true
1,ADA Door,"-1364'-11 9/16""","90'-9 13/16""","0'-0""",0.00,,,,true
1,Swing-90,"-1361'-10 13/16""","90'-6 13/16""","0'-0""",180.00,,,,true
1,Sink-Bradley_Corp-Express-TLX1-Faucet-Soap - Express TLX-1 Faucet-Soap-799460-PLAN,"-1363'-7 5/16""","103'-4 5/8""","0'-0""",180.00,,,,true
1,Treadmill (T5X-5PL-PF),"-1401'-11 1/2""","134'-10 7/8""","0'-0""",0.00,,,,true
1,ADA Door,"-1328'-8 5/16""","86'-9 1/16""","0'-0""",270.00,,,,true
1,CLEARANCE,"-1426'-2 1/8""","151'-4 1/8""","0'-0""",270.00,,,,true
1,5' LENGTH,"-1417'-9 1/8""","90'-11 5/16""","0'-0""",90.00,,,,true
1,Treadmill (T5X-5PL-PF),"-1413'-8 13/16""","99'-7 1/16""","0'-0""",0.00,,,,true
1,Treadmill (T5X-5PL-PF),"-1413'-8 13/16""","96'-2 1/16""","0'-0""",0.00,,,,true
1,Treadmill (T5X-5PL-PF),"-1413'-8 13/16""","89'-4 1/16""","0'-0""",0.00,,,,true
1,Treadmill (T5X-5PL-PF),"-1413'-8 13/16""","92'-9 1/16""","0'-0""",0.00,,,,true
1,Treadmill (T5X-5PL-PF),"-1413'-8 13/16""","124'-7 7/8""","0'-0""",0.00,,,,true
1,Treadmill (T5X-5PL-PF),"-1413'-8 13/16""","121'-2 7/8""","0'-0""",0.00,,,,true
1,dynamic_lockers,"-1371'-9 9/16""","100'-7 7/16""","0'-0""",270.00,,,,true
1,5' LENGTH,"-1417'-9 1/8""","122'-5 5/8""","0'-0""",90.00,,,,true
1,Elliptical (E5X-5PL-PF),"-1414'-3 5/16""","133'-6 7/8""","0'-0""",90.00,,,,true
1,Elliptical (E5X-5PL-PF),"-1414'-3 5/16""","130'-6 7/8""","0'-0""",90.00,,,,true
1,Elliptical (E5X-5PL-PF),"-1414'-3 5/16""","127'-6 7/8""","0'-0""",90.00,,,,true
1,Ascent (ALB5X-PF-4PL),"-1414'-3 5/16""","148'-6 7/8""","0'-0""",90.00,,,,true
1,Ascent (ALB5X-PF-4PL),"-1414'-3 5/16""","145'-6 7/8""","0'-0""",90.00,,,,true
1,Rower (ROWER-5PL-PF),"-1424'-8 5/8""","145'-1 7/8""","0'-0""",90.00,,,,true
1,Rower (ROWER-5PL-PF),"-1424'-8 5/8""","141'-8 7/8""","0'-0""",90.00,,,,true
1,Elliptical (E5X-5PL-PF),"-1414'-3 5/16""","136'-6 7/8""","0'-0""",90.00,,,,true
1,10' length,"-1393'-6 13/16""","99'-5 5/16""","0'-0""",90.00,,,,true
1,Room Name 105K ROOM MECHANICAL,"-1372'-2 3/16""","120'-8 3/8""","0'-0""",0.00,105K,ROOM,MECHANICAL,true
1,F3,"-1368'-7 13/16""","108'-11 1/16""","0'-0""",0.00,,,,true
1,E1,"-1398'-9 5/8""","154'-7 1/8""","0'-0""",270.00,,,,true
1,E1,"-1398'-9 5/8""","155'-11 3/8""","0'-0""",90.00,,,,true
1,E1,"-1379'-1 9/16""","145'-7 1/4""","0'-0""",180.00,,,,true
1,E1,"-1377'-9 5/16""","145'-7 1/4""","0'-0""",0.00,,,,true
1,F13,"-1336'-10 1/4""","184'-7 11/16""","0'-0""",90.00,,,,true
1,F13,"-1377'-10 1/16""","184'-7 11/16""","0'-0""",270.00,,,,true
1,F13,"-1364'-2 1/8""","184'-7 11/16""","0'-0""",90.00,,,,true
1,E1,"-1424'-6 7/8""","175'-8 3/16""","0'-0""",270.00,,,,true
1,F13,"-1336'-10 1/4""","201'-7 11/16""","0'-0""",90.00,,,,true
1,F13,"-1377'-10 1/16""","201'-7 11/16""","0'-0""",270.00,,,,true
1,F13,"-1364'-2 1/8""","201'-7 11/16""","0'-0""",90.00,,,,true
1,FAN 1,"-1413'-1 13/16""","99'-3 15/16""","0'-0""",0.00,,,,true
1,SPEAKER,"-1447'-1 13/16""","117'-3 15/16""","0'-0""",0.00,,,,true
1,SPEAKER,"-1447'-1 13/16""","81'-3 15/16""","0'-0""",0.00,,,,true
1,SPEAKER,"-1396'-1 13/16""","135'-3 15/16""","0'-0""",0.00,,,,true
1,SPEAKER,"-1396'-1 13/16""","99'-3 15/16""","0'-0""",0.00,,,,true
1,F13,"-1350'-6 3/16""","201'-7 11/16""","0'-0""",270.00,,,,true
1,E1,"-1425'-5 1/4""","54'-6 15/16""","0'-0""",0.00,,,,true
1,E1,"-1330'-2 13/16""","88'-3 13/16""","0'-0""",180.00,,,,true
1,F1,"-1433'-6 7/8""","54'-11 3/8""","0'-0""",180.00,,,,true
1,F9,"-1363'-5 3/16""","82'-1 7/16""","0'-0""",0.00,,,,true
1,F9,"-1363'-5 3/16""","70'-1 7/16""","0'-0""",0.00,,,,true
1,F9,"-1369'-5 3/16""","76'-1 7/16""","0'-0""",0.00,,,,true
1,F9,"-1369'-5 3/16""","82'-1 7/16""","0'-0""",0.00,,,,true
1,F9,"-1369'-5 3/16""","70'-1 7/16""","0'-0""",0.00,,,,true
1,E5,"-1345'-4 5/16""","71'-4 7/16""","0'-0""",0.00,,,,true
1,F3,"-1333'-6 1/4""","69'-3 9/16""","0'-0""",0.00,,,,true
1,E1,"-1432'-2 11/16""","51'-11 5/8""","0'-0""",90.00,,,,true
1,F3,"-1333'-6 1/4""","63'-3 9/16""","0'-0""",0.00,,,,true
1,F3,"-1358'-10 13/16""","58'-9 1/4""","0'-0""",0.00,,,,true
1,F3,"-1358'-10 13/16""","54'-9 1/4""","0'-0""",0.00,,,,true
1,F3,"-1351'-5 15/16""","58'-9 1/4""","0'-0""",0.00,,,,true
1,F3,"-1351'-5 15/16""","54'-9 1/4""","0'-0""",0.00,,,,true
1,F3,"-1342'-7 1/16""","58'-9 1/4""","0'-0""",0.00,,,,true
1,F3,"-1342'-7 1/16""","54'-9 1/4""","0'-0""",0.00,,,,true
1,F1,"-1429'-6 7/8""","54'-11 3/8""","0'-0""",180.00,,,,true
1,F3,"-1333'-6 1/4""","57'-3 9/16""","0'-0""",0.00,,,,true
1,F9,"-1363'-5 3/16""","76'-1 7/16""","0'-0""",0.00,,,,true
1,E1,"-1330'-2 13/16""","168'-2 11/16""","0'-0""",180.00,,,,true
1,SPEAKER,"-1402'-10 5/16""","165'-9 3/4""","0'-0""",0.00,,,,true
1,E1,"-1374'-9 13/16""","84'-1 3/8""","0'-0""",270.00,,,,true
1,F3,"-1374'-7 15/16""","100'-7 7/16""","0'-0""",0.00,,,,true
1,F3,"-1374'-7 15/16""","106'-7 7/16""","0'-0""",0.00,,,,true
1,F3,"-1374'-7 15/16""","94'-7 7/16""","0'-0""",0.00,,,,true
1,F3,"-1371'-1 1/8""","64'-8 9/16""","0'-0""",0.00,,,,true
1,F3,"-1365'-1 1/8""","64'-8 9/16""","0'-0""",0.00,,,,true
1,F3,"-1359'-1 1/8""","64'-8 9/16""","0'-0""",0.00,,,,true
1,F3,"-1346'-11 9/16""","92'-9 13/16""","0'-0""",0.00,,,,true
1,F3,"-1353'-1 1/8""","64'-8 9/16""","0'-0""",0.00,,,,true
1,F3,"-1341'-1 1/8""","64'-8 9/16""","0'-0""",0.00,,,,true
1,BCS Speaker,"-1357'-1 1/8""","64'-8 9/16""","0'-0""",0.00,,,,true
1,F9,"-1368'-10 3/4""","121'-2 1/16""","0'-0""",0.00,,,,true
1,F3,"-1375'-0 1/16""","87'-6 3/8""","0'-0""",0.00,,,,true
1,F3,"-1369'-0 1/16""","113'-8 1/16""","0'-0""",0.00,,,,true
1,F9,"-1347'-4 5/16""","71'-4 7/16""","0'-0""",0.00,,,,true
1,F9,"-1341'-4 5/16""","71'-4 7/16""","0'-0""",0.00,,,,true
1,F3,"-1347'-1 1/8""","64'-8 9/16""","0'-0""",0.00,,,,true
1,SPEAKER,"-1353'-2 9/16""","151'-2""","0'-0""",0.00,,,,true
1,F3,"-1342'-11 9/16""","96'-9 13/16""","0'-0""",0.00,,,,true
1,F3,"-1358'-0 13/16""","108'-5""","0'-0""",0.00,,,,true
1,SPEAKER,"-1400'-4 1/4""","186'-10 7/16""","0'-0""",0.00,,,,true
1,E1,"-1341'-2 3/16""","177'-2 3/16""","0'-0""",90.00,,,,true
1,E2,"-1446'-11""","145'-6""","0'-0""",0.00,,,,true
1,E2,"-1446'-11""","86'-0 9/16""","0'-0""",0.00,,,,true
1,E2,"-1402'-2 13/16""","86'-0 9/16""","0'-0""",270.00,,,,true
1,E2,"-1408'-9 15/16""","54'-6 15/16""","0'-0""",180.00,,,,true
1,Room Name 106B STORAGEAREA BACK OF HOUSE,"-1447'-10 3/8""","199'-2 1/8""","0'-0""",0.00,106B,STORAGEAREA,BACK OF HOUSE,true
1,F3,"-1342'-11 9/16""","92'-9 13/16""","0'-0""",0.00,,,,true
1,F13,"-1428'-10 11/16""","199'-4 13/16""","0'-0""",90.00,,,,true
1,F13,"-1407'-11 3/16""","205'-9 3/16""","0'-0""",90.00,,,,true
1,F13,"-1392'-11 1/16""","205'-9 3/16""","0'-0""",90.00,,,,true
1,E1,"-1400'-8""","177'-2 3/16""","0'-0""",90.00,,,,true
1,E2,"-1424'-5 1/16""","204'-7 15/16""","0'-0""",270.00,,,,true
1,E1,"-1424'-6 7/8""","177'-2 3/16""","0'-0""",270.00,,,,true
1,F3,"-1354'-0 13/16""","104'-5""","0'-0""",0.00,,,,true
1,F3,"-1354'-0 13/16""","108'-5""","0'-0""",0.00,,,,true
1,F13,"-1400'-5 1/8""","205'-9 3/16""","0'-0""",90.00,,,,true
1,F3,"-1368'-7 13/16""","92'-3 7/8""","0'-0""",0.00,,,,true
1,F9,"-1356'-0 11/16""","71'-4 7/16""","0'-0""",0.00,,,,true
1,E1,"-1377'-9 5/16""","113'-8 1/16""","0'-0""",0.00,,,,true
1,F3,"-1346'-11 9/16""","108'-5 1/16""","0'-0""",0.00,,,,true
1,F3,"-1354'-0 13/16""","92'-9 13/16""","0'-0""",0.00,,,,true
1,F3,"-1354'-0 13/16""","96'-9 13/16""","0'-0""",0.00,,,,true
1,F3,"-1358'-0 13/16""","92'-9 13/16""","0'-0""",0.00,,,,true
1,F3,"-1352'-0 3/16""","81'-11 7/8""","0'-0""",0.00,,,,true
1,F3,"-1352'-0 3/16""","77'-11 7/8""","0'-0""",0.00,,,,true
1,F3,"-1358'-1 1/16""","81'-11 7/8""","0'-0""",0.00,,,,true
1,F3,"-1342'-11 9/16""","108'-5 1/16""","0'-0""",0.00,,,,true
1,F3,"-1358'-1 1/16""","77'-11 7/8""","0'-0""",0.00,,,,true
1,F3,"-1344'-2 3/8""","77'-11 7/8""","0'-0""",0.00,,,,true
1,F3,"-1333'-10 1/4""","81'-11 7/8""","0'-0""",0.00,,,,true
1,F3,"-1333'-10 1/4""","77'-11 7/8""","0'-0""",0.00,,,,true
1,F3,"-1363'-7 1/16""","123'-2 1/16""","0'-0""",0.00,,,,true
1,F3,"-1363'-7 1/16""","119'-2 1/16""","0'-0""",0.00,,,,true
1,F3,"-1358'-1 1/16""","123'-2 1/16""","0'-0""",0.00,,,,true
1,F3,"-1358'-1 1/16""","119'-2 1/16""","0'-0""",0.00,,,,true
1,F3,"-1344'-2 3/8""","81'-11 7/8""","0'-0""",0.00,,,,true
1,F3,"-1352'-0 3/16""","123'-2 1/16""","0'-0""",0.00,,,,true
1,F3,"-1342'-11 9/16""","104'-5 1/16""","0'-0""",0.00,,,,true
1,F3,"-1347'-5 9/16""","102'-8 1/16""","0'-0""",0.00,,,,true
1,F3,"-1336'-11 5/16""","108'-11 1/16""","0'-0""",0.00,,,,true
1,F3,"-1336'-11 1/4""","92'-3 13/16""","0'-0""",0.00,,,,true
1,F3,"-1364'-0 13/16""","104'-5 1/8""","0'-0""",0.00,,,,true
1,F3,"-1368'-0 13/16""","104'-5 1/8""","0'-0""",0.00,,,,true
1,F3,"-1364'-0 13/16""","108'-5 1/8""","0'-0""",0.00,,,,true
1,F3,"-1332'-4 1/4""","104'-5 1/8""","0'-0""",0.00,,,,true
1,F3,"-1336'-4 1/4""","104'-5 1/8""","0'-0""",0.00,,,,true
1,F3,"-1347'-5 9/16""","98'-6 13/16""","0'-0""",0.00,,,,true
1,F3,"-1332'-4 1/4""","108'-5 1/8""","0'-0""",0.00,,,,true
1,F3,"-1336'-4 1/4""","96'-9 7/8""","0'-0""",180.00,,,,true
1,F3,"-1332'-4 1/4""","92'-9 7/8""","0'-0""",180.00,,,,true
1,F3,"-1364'-0 13/16""","96'-9 15/16""","0'-0""",180.00,,,,true
1,F3,"-1368'-0 13/16""","96'-9 15/16""","0'-0""",180.00,,,,true
1,F3,"-1364'-0 13/16""","92'-9 15/16""","0'-0""",180.00,,,,true
1,F3,"-1358'-6 13/16""","102'-8 1/16""","0'-0""",0.00,,,,true
1,F3,"-1358'-6 13/16""","98'-6 13/16""","0'-0""",0.00,,,,true
1,F3,"-1332'-4 1/4""","96'-9 7/8""","0'-0""",180.00,,,,true
1,E2,"-1349'-0 1/16""","113'-8 1/16""","0'-0""",180.00,,,,true
1,F3,"-1352'-0 3/16""","119'-2 1/16""","0'-0""",0.00,,,,true
1,F3,"-1344'-2 5/16""","119'-2 1/16""","0'-0""",0.00,,,,true
1,F3,"-1351'-0 1/16""","87'-6 3/8""","0'-0""",0.00,,,,true
1,F3,"-1357'-0 1/16""","87'-6 3/8""","0'-0""",0.00,,,,true
1,F3,"-1339'-0 1/16""","87'-6 3/8""","0'-0""",0.00,,,,true
1,F3,"-1363'-0 1/16""","87'-6 3/8""","0'-0""",0.00,,,,true
1,BCS Speaker,"-1355'-0 1/16""","87'-6 3/8""","0'-0""",0.00,,,,true
1,F3,"-1333'-0 1/16""","87'-6 3/8""","0'-0""",0.00,,,,true
1,F3,"-1369'-0 1/16""","87'-6 3/8""","0'-0""",0.00,,,,true
1,F3,"-1345'-0 1/16""","87'-6 3/8""","0'-0""",0.00,,,,true
1,E1,"-1377'-9 5/16""","87'-6 3/8""","0'-0""",0.00,,,,true
1,F3,"-1351'-0 1/16""","113'-8 1/16""","0'-0""",0.00,,,,true
1,F3,"-1357'-0 1/16""","113'-8 1/16""","0'-0""",0.00,,,,true
1,F3,"-1339'-0 1/16""","113'-8 1/16""","0'-0""",0.00,,,,true
1,F3,"-1363'-0 1/16""","113'-8 1/16""","0'-0""",0.00,,,,true
1,BCS Speaker,"-1355'-0 1/16""","113'-8 1/16""","0'-0""",0.00,,,,true
1,F3,"-1333'-0 1/16""","113'-8 1/16""","0'-0""",0.00,,,,true
1,F3,"-1375'-0 1/16""","113'-8 1/16""","0'-0""",0.00,,,,true
1,F3,"-1345'-0 1/16""","113'-8 1/16""","0'-0""",0.00,,,,true
1,F3,"-1344'-2 5/16""","123'-2 1/16""","0'-0""",0.00,,,,true
1,F3,"-1388'-3 11/16""","56'-9 1/4""","0'-0""",0.00,,,,true
1,F3,"-1370'-3 11/16""","56'-9 1/4""","0'-0""",0.00,,,,true
1,F3,"-1333'-10 1/4""","123'-2 1/16""","0'-0""",0.00,,,,true
1,F3,"-1333'-10 1/4""","119'-2 1/16""","0'-0""",0.00,,,,true
1,F9,"-1374'-10 3/4""","121'-2 1/16""","0'-0""",0.00,,,,true
1,F3,"-1383'-1 1/8""","70'-8 9/16""","0'-0""",0.00,,,,true
1,F3,"-1377'-1 1/8""","70'-8 9/16""","0'-0""",0.00,,,,true
1,F3,"-1389'-1 1/8""","70'-8 9/16""","0'-0""",0.00,,,,true
1,F3,"-1383'-1 1/8""","76'-8 9/16""","0'-0""",0.00,,,,true
1,F3,"-1364'-3 11/16""","56'-9 1/4""","0'-0""",0.00,,,,true
1,F3,"-1377'-1 1/8""","76'-8 9/16""","0'-0""",0.00,,,,true
1,F3,"-1383'-1 1/8""","64'-8 9/16""","0'-0""",0.00,,,,true
1,F3,"-1377'-1 1/8""","64'-8 9/16""","0'-0""",0.00,,,,true
1,F3,"-1389'-1 1/8""","64'-8 9/16""","0'-0""",0.00,,,,true
1,E1,"-1386'-9 15/16""","78'-8 1/2""","0'-0""",270.00,,,,true
1,BCS Speaker,"-1383'-1 1/8""","66'-8 9/16""","0'-0""",0.00,,,,true
1,F3,"-1376'-3 11/16""","56'-9 1/4""","0'-0""",0.00,,,,true
1,F3,"-1382'-3 11/16""","56'-9 1/4""","0'-0""",0.00,,,,true
1,F3,"-1389'-1 1/8""","76'-8 9/16""","0'-0""",0.00,,,,true
1,10' length,"-1393'-6 13/16""","124'-11 5/8""","0'-0""",90.00,,,,true
1,10' length,"-1393'-6 13/16""","109'-5 5/16""","0'-0""",90.00,,,,true
1,Treadmill (T5X-5PL-PF),"-1389'-6 1/2""","121'-2 7/8""","0'-0""",0.00,,,,true
1,vending machine,"-1392'-0 11/16""","60'-10 9/16""","0'-0""",0.00,,,,true
1,PF_Plan Computer,"-1401'-4 3/8""","69'-2 3/8""","0'-0""",225.00,,,,true
1,RECTANG,"-1401'-5 1/16""","68'-9 3/8""","0'-0""",90.01,,,,true
1,RECTANG,"-1400'-9 13/16""","69'-4 5/8""","0'-0""",90.01,,,,true
1,RECTANG,"-1400'-9 13/16""","69'-5 5/8""","0'-0""",90.01,,,,true
1,PF_Plan Computer,"-1401'-4 3/8""","71'-9 3/8""","0'-0""",225.00,,,,true
1,RECTANG,"-1401'-5 1/16""","71'-4 3/8""","0'-0""",90.01,,,,true
1,65tv,"-1393'-8 5/16""","71'-1 5/16""","0'-0""",90.00,,,,true
1,RECTANG,"-1400'-9 13/16""","71'-11 5/8""","0'-0""",90.01,,,,true
1,PF_Plan Phone,"-1401'-0 1/8""","65'-11 11/16""","0'-0""",270.00,,,,true
1,PF_Plan TMAX,"-1395'-5 3/8""","64'-8 3/8""","0'-0""",180.00,,,,true
1,PF_Plan Phone,"-1395'-5 1/2""","65'-10 1/16""","0'-0""",270.00,,,,true
1,vending machine,"-1393'-3 9/16""","53'-5 3/8""","0'-0""",90.00,,,,true
1,vending machine,"-1393'-3 9/16""","56'-9 1/8""","0'-0""",90.00,,,,true
1,70tv,"-1395'-5 9/16""","70'-5 7/8""","0'-0""",270.00,,,,true
1,ADA Door,"-1344'-2 5/16""","61'-7 11/16""","0'-0""",180.00,,,,true
1,RECTANG,"-1400'-9 13/16""","72'-0 5/8""","0'-0""",90.01,,,,true
1,Swing-90,"-1347'-3 1/16""","61'-11 1/4""","0'-0""",0.00,,,,true
1,SmarteCarte Massage Chair,"-1386'-5 13/16""","72'-9 15/16""","0'-0""",180.00,,,,true
1,CRYO,"-1375'-8 7/8""","76'-1 13/16""","0'-0""",0.00,,,,true
1,Elec Panels,"-1422'-11 1/8""","179'-9 1/16""","0'-0""",270.00,,,,true
1,Electrical Panelboard (Flush-Mounted),"-1422'-11 1/8""","179'-9 1/16""","0'-0""",270.00,,,,true
1,Elec Panels,"-1422'-11 1/8""","181'-6 13/16""","0'-0""",270.00,,,,true
1,Electrical Panelboard (Flush-Mounted),"-1422'-11 1/8""","181'-6 13/16""","0'-0""",270.00,,,,true
1,Elec Panels,"-1422'-11 1/8""","183'-4 9/16""","0'-0""",270.00,,,,true
1,Electrical Panelboard (Flush-Mounted),"-1422'-11 1/8""","183'-4 9/16""","0'-0""",270.00,,,,true
1,EX'G DOOR,"-1401'-4 3/8""","176'-10 1/4""","0'-0""",0.00,,,,true
1,SmarteCarte Massage Chair,"-1386'-5 11/16""","69'-4 13/16""","0'-0""",180.00,,,,true
1,HM62B_Up tanning,"-1358'-10 15/16""","53'-7 1/8""","0'-0""",270.00,,,,true
1,HANDISYM,"-1372'-3 1/16""","94'-0 5/16""","0'-0""",270.00,,,,true
1,HANDISYM,"-1372'-3 1/16""","95'-0 5/16""","0'-0""",270.00,,,,true
1,HANDISYM,"-1372'-3 1/16""","96'-0 5/16""","0'-0""",270.00,,,,true
1,HANDISYM,"-1372'-3 1/16""","97'-0 5/16""","0'-0""",270.00,,,,true
1,FURN,"-1402'-0 1/2""","54'-9 13/16""","0'-0""",0.00,,,,true
1,10' length,"-1393'-6 13/16""","144'-11 5/8""","0'-0""",90.00,,,,true
1,Starline JBox,"-1393'-6 7/8""","119'-5 5/8""","0'-0""",90.00,,,,true
1,HANDISYM,"-1372'-3 1/16""","93'-0 5/16""","0'-0""",270.00,,,,true
1,Anno_Circle,"-1505'-4 3/16""","71'-3 3/16""","0'-0""",180.00,,,,true
1,ADA Door,"-1351'-7 3/16""","61'-7 11/16""","0'-0""",180.00,,,,true
1,ADA Door,"-1359'-0 1/16""","61'-7 11/16""","0'-0""",180.00,,,,true
1,Leg Extension (G7S71-5PL-PF),"-1433'-8 5/16""","148'-5 1/4""","0'-0""",0.00,,,,true
1,Leg Press (G7S70-5PL-PF),"-1440'-4 5/16""","158'-7 1/8""","0'-0""",180.00,,,,true
1,Pec fly. rear Delt (G7S22-5PL-PF),"-1441'-0""","140'-6 1/2""","0'-0""",270.00,,,,true
1,Row. Rear Deltoid (G7S34-5PL-PF),"-1440'-0 11/16""","2414'-3 7/8""","0'-0""",180.00,,,,true
1,Seated Leg Curl (G7S72-5PL-PF),"-1440'-7 1/16""","149'-0""","0'-0""",0.00,,,,true
1,Triceps Curl (G3S45-5PL-PF),"-1433'-9 7/8""","90'-8 1/2""","0'-0""",0.00,,,,true
1,Triceps Press (G7S42-5PL-PF),"-1439'-7 3/8""","24'-5 15/16""","0'-0""",0.00,,,,true
1,Lat Pull down (G7S33-5PL-PF),"-1434'-2 3/8""","42642'-5""","0'-0""",180.00,,,,true
1,Weight Tree (G3-FW94-5PL-PF),"-1464'-3 7/16""","96'-6 13/16""","0'-0""",90.00,,,,true
1,Total Gym Pullup,"-1369'-1 5/16""","146'-0 5/8""","0'-0""",90.03,,,,true
1,Shoulder Press (G7S23-5PL-PF),"-1439'-5 1/2""","108'-2 3/4""","0'-0""",180.00,,,,true
1,Lat Pull down (G7S33-5PL-PF),"-1434'-1 11/16""","42632'-2 3/16""","0'-0""",180.00,,,,true
1,Row. Rear Deltoid (G7S34-5PL-PF),"-1434'-3""","-2183'-9 1/4""","0'-0""",0.00,,,,true
1,Chest Press (G7S13-5PL-PF),"-1439'-11""","123'-5 1/4""","0'-0""",0.00,,,,true
1,Leg Extension (G7S71-5PL-PF),"-1433'-8 3/8""","165'-7 7/8""","0'-0""",0.00,,,,true
1,Leg Press (G7S70-5PL-PF),"-1433'-10 1/8""","158'-3 1/4""","0'-0""",0.00,,,,true
1,Duel Adj. Pulley (VS-VFT-5PL-PF),"-1447'-4 5/8""","128'-8 1/16""","0'-0""",270.00,,,,true
1,Swing-90,"-1354'-7 15/16""","61'-11 1/4""","0'-0""",0.00,,,,true
1,Bicep Curl (G7S40-5PL-PF),"-1439'-11 1/4""","99'-1 1/16""","0'-0""",180.00,,,,true
1,Calf Extension (G7S77-5PL-PF),"-1433'-9 13/16""","141'-9""","0'-0""",0.00,,,,true
1,Swing-90,"-1362'-0 13/16""","61'-11 1/4""","0'-0""",0.00,,,,true
1,CLEARANCE,"-1386'-9 11/16""","75'-8 1/16""","0'-0""",90.00,,,,true
1,HM62A,"-1339'-11 1/8""","56'-4""","0'-0""",270.00,,,,true
1,HM62E Hybrid Tanning Booth,"-1351'-5 1/4""","54'-2 1/2""","0'-0""",180.00,,,,true
1,HM63C,"-1387'-11 5/16""","56'-0 13/16""","0'-0""",270.00,,,,true
1,SW_NOTE_0,"-1387'-11 5/16""","56'-0 13/16""","0'-0""",270.00,,,,true
1,65tv,"-1395'-1 5/16""","55'-1 1/4""","0'-0""",270.00,,,,true
1,Chest Press (G7S13-5PL-PF),"-1439'-11""","133'-7 5/8""","0'-0""",0.00,,,,true
1,HM63C,"-1364'-8 1/8""","56'-0 13/16""","0'-0""",270.00,,,,true
1,HM63C,"-1380'-11 5/8""","53'-5 11/16""","0'-0""",0.00,,,,true
1,SW_NOTE_0,"-1379'-11 1/16""","51'-3 3/4""","0'-0""",0.00,,,,true
1,HM63C,"-1371'-7 3/4""","53'-5 11/16""","0'-0""",0.00,,,,true
1,SW_NOTE_0,"-1370'-7 3/16""","51'-3 3/4""","0'-0""",0.00,,,,true
1,CRYO,"-1375'-8 7/8""","70'-3 9/16""","0'-0""",0.00,,,,true
1,Back Extension (G7S52-5PL-PF),"-1434'-2 5/16""","80'-4""","0'-0""",180.00,,,,true
1,Bicep Curl (G3S40-5PL-PF),"-1435'-0 15/16""","97'-9 1/8""","0'-0""",0.00,,,,true
1,SW_NOTE_0,"-1364'-8 1/8""","56'-0 13/16""","0'-0""",270.00,,,,true
1,Anno_Circle,"-1505'-4 3/16""","92'-4 3/16""","0'-0""",180.00,,,,true
1,Anno_Circle,"-1505'-4 3/16""","113'-4 9/16""","0'-0""",180.00,,,,true
1,Anno_Circle,"-1505'-4 3/16""","134'-4 3/8""","0'-0""",180.00,,,,true
1,Water Closets and Urinals,"-1379'-2""","197'-10 1/8""","0'-0""",180.00,,,,true
1,Water Closets and Urinals,"-1371'-2 3/8""","196'-4 7/8""","0'-0""",0.00,,,,true
1,Sinks and Lavatories,"-1371'-7 15/16""","197'-7 5/8""","0'-0""",0.00,,,,true
1,Sinks and Lavatories,"-1369'-6 3/8""","197'-7 5/8""","0'-0""",0.00,,,,true
1,Grab Rail,"-1382'-7 13/16""","195'-0 3/16""","0'-0""",0.00,,,,true
1,Grab Rail,"-1383'-5 3/4""","193'-7 1/16""","0'-0""",90.00,,,,true
1,Floor Drain,"-1376'-10 11/16""","195'-10 3/8""","0'-0""",0.00,,,,true
1,Water Closets and Urinals,"-1382'-2 9/16""","197'-10 1/8""","0'-0""",180.00,,,,true
1,Grab Rail,"-1383'-5 3/16""","200'-10 3/4""","0'-0""",90.00,,,,true
1,Sinks and Lavatories,"-1369'-5 13/16""","196'-7 7/16""","0'-0""",180.00,,,,true
1,Grab Rail,"-1382'-5 5/8""","199'-2 13/16""","0'-0""",180.00,,,,true
1,Floor Drain,"-1370'-3 3/16""","206'-2""","0'-0""",0.00,,,,true
1,EX'G DOOR,"-1376'-9 1/4""","185'-9 3/8""","0'-0""",90.00,,,,true
1,MOP SINK,"-1383'-9""","177'-9 11/16""","0'-0""",180.00,,,,true
1,wh02,"-1383'-8 3/8""","182'-11 3/16""","0'-0""",0.00,,,,true
1,EX'G DOOR,"-1395'-0 7/16""","186'-6 5/16""","0'-0""",270.00,,,,true
1,Sinks and Lavatories,"-1371'-7 7/16""","196'-7 7/16""","0'-0""",180.00,,,,true
1,Exit Sign,"-1398'-7""","177'-0 11/16""","0'-0""",0.00,,,,true
1,Water Closets and Urinals,"-1387'-3 7/8""","197'-10 1/8""","0'-0""",180.00,,,,true
1,Water Closets and Urinals,"-1379'-0 1/8""","196'-4 7/8""","0'-0""",0.00,,,,true
1,SINKB-flat-6,"217'-11 11/16""","-20'-5 5/8""","0'-0""",0.00,,,,true
1,ELLIPSE-flat-7,"216'-6 1/8""","-19'-8 1/8""","0'-0""",0.00,,,,true
1,WALLWC-flat-1,"217'-11 11/16""","-18'-3 3/16""","0'-0""",0.00,,,,true
1,EX'G DOOR,"-1338'-11 7/8""","188'-6 7/8""","0'-0""",270.00,,,,true
1,EX'G DOOR,"-1338'-11 7/8""","189'-11 1/8""","0'-0""",270.00,,,,true
1,Floor Drain,"-1333'-8 1/4""","206'-6 1/16""","0'-0""",0.00,,,,true
1,EX'G DOOR,"-1339'-9 5/8""","176'-10 1/4""","0'-0""",0.00,,,,true
1,Water Closets and Urinals,"-1373'-11 7/16""","196'-4 7/8""","0'-0""",0.00,,,,true
1,Exit Sign,"-1341'-2 15/16""","177'-0 11/16""","0'-0""",0.00,,,,true
1,Sinks and Lavatories,"-1360'-8 9/16""","207'-1 5/8""","0'-0""",90.00,,,,true
1,Water Fountain,"-1368'-5 5/16""","188'-10 1/4""","0'-0""",90.00,,,,true
1,Water Fountain,"-1368'-5 5/16""","190'-6 1/8""","0'-0""",90.00,,,,true
1,EX'G DOOR,"-1361'-2 1/4""","192'-10 5/16""","0'-0""",0.00,,,,true
1,EX'G DOOR,"-1375'-10 7/16""","186'-8 5/8""","0'-0""",0.00,,,,true
1,EX'G DOOR,"-1375'-9 3/8""","176'-10 1/4""","0'-0""",0.00,,,,true
1,Exit Sign,"-1374'-4 13/16""","177'-0 11/16""","0'-0""",0.00,,,,true
1,EX'G DOOR,"-1360'-3 11/16""","185'-5 13/16""","0'-0""",270.00,,,,true
1,EX'G DOOR,"-1399'-11 9/16""","176'-10 1/4""","0'-0""",0.00,,,,true
1,EX'G DOOR,"-1399'-10 3/4""","187'-4 9/16""","0'-0""",0.00,,,,true
1,EX'G DOOR,"-1416'-6 5/16""","192'-11 1/16""","0'-0""",90.00,,,,true
1,EX'G DOOR,"-1437'-4 3/16""","58'-2 13/16""","0'-0""",180.00,,,,true
1,EX'G DOOR,"-1443'-1 5/16""","58'-2 13/16""","0'-0""",180.00,,,,true
1,Anno_Circle,"-1488'-9 7/8""","219'-6 5/8""","0'-0""",180.00,,,,true
1,Anno_Circle,"-1472'-11 1/8""","219'-6 5/8""","0'-0""",180.00,,,,true
1,Anno_Circle,"-1467'-11 1/4""","219'-6 5/8""","0'-0""",180.00,,,,true
1,Anno_Circle,"-1457'-2 5/16""","219'-6 5/8""","0'-0""",180.00,,,,true
1,Anno_Circle,"-1440'-11 3/8""","219'-6 5/8""","0'-0""",180.00,,,,true
1,EX'G DOOR,"-1435'-1 1/4""","58'-2 13/16""","0'-0""",180.00,,,,true
1,Anno_Circle,"-1424'-11 7/16""","219'-6 5/8""","0'-0""",180.00,,,,true
1,Anno_Circle,"-1352'-1 7/16""","219'-6 5/8""","0'-0""",180.00,,,,true
1,Anno_Circle,"-1348'-3""","219'-6 5/8""","0'-0""",180.00,,,,true
1,Anno_Circle,"-1505'-4 3/16""","199'-4 3/16""","0'-0""",180.00,,,,true
1,Anno_Circle,"-1505'-4 3/16""","189'-11 15/16""","0'-0""",180.00,,,,true
1,Anno_Circle,"-1505'-4 3/16""","186'-0 1/2""","0'-0""",180.00,,,,true
1,Anno_Circle,"-1505'-4 3/16""","182'-5 1/2""","0'-0""",180.00,,,,true
1,Anno_Circle,"-1505'-4 3/16""","155'-4 15/16""","0'-0""",180.00,,,,true
1,Anno_Circle,"-1394'-4 13/16""","219'-6 5/8""","0'-0""",180.00,,,,true
1,EX'G DOOR,"-1429'-4 1/8""","58'-2 13/16""","0'-0""",180.00,,,,true
1,EX'G DOOR,"-1443'-1 5/16""","50'-6 11/16""","0'-0""",180.00,,,,true
1,EX'G DOOR,"-1437'-4 3/16""","50'-6 11/16""","0'-0""",180.00,,,,true
1,EX'G DOOR,"-1417'-8 15/16""","184'-7 5/16""","0'-0""",0.00,,,,true
1,Floor Drain,"-1370'-6 7/8""","168'-4 7/16""","0'-0""",0.00,,,,true
1,Floor Drain,"-1368'-5 7/16""","166'-5 7/8""","0'-0""",0.00,,,,true
1,Exit Sign,"-1330'-1 5/16""","168'-2 11/16""","0'-0""",90.00,,,,true
1,EX'G DOOR,"-1328'-10 9/16""","166'-7 3/8""","0'-0""",270.00,,,,true
1,EX'G DOOR,"-1328'-10 9/16""","89'-11 1/8""","0'-0""",270.00,,,,true
1,Exit Sign,"-1432'-2 11/16""","58'-11 1/16""","0'-0""",0.00,,,,true
1,EX'G DOOR,"-1483'-2 1/2""","176'-10 1/4""","0'-0""",0.00,,,,true
1,EX'G DOOR,"-1477'-5 3/8""","176'-10 1/4""","0'-0""",0.00,,,,true
1,EX'G DOOR,"-1423'-2 5/16""","176'-10 1/4""","0'-0""",0.00,,,,true
1,EX'G DOOR,"-1430'-11 3/16""","181'-8 5/8""","0'-0""",270.00,,,,true
1,EX'G DOOR,"-1413'-5 3/4""","198'-0 3/4""","0'-0""",90.00,,,,true
1,Elec Panels,"-1416'-8 1/2""","196'-4 3/16""","0'-0""",270.00,,,,true
1,Elec Panels,"-1422'-11 1/8""","177'-11 5/16""","0'-0""",270.00,,,,true
1,Electrical Panelboard (Flush-Mounted),"-1422'-11 1/8""","177'-11 5/16""","0'-0""",270.00,,,,true
1,EX'G DOOR,"-1429'-4 1/8""","50'-6 11/16""","0'-0""",180.00,,,,true
1,EX'G DOOR,"-1435'-1 1/4""","50'-6 11/16""","0'-0""",180.00,,,,true
1,10' length,"-1393'-6 13/16""","134'-11 5/8""","0'-0""",90.00,,,,true
1,A$C2D961E66,"-1353'-1 1/8""","66'-5""","0'-0""",270.00,,,,true
1,M Elevate Rower,"-1369'-1 1/8""","152'-10 1/16""","0'-0""",90.03,,,,true
1,Total Gym (6000-P1),"-1340'-8""","144'-7 5/16""","0'-0""",90.00,,,,true
1,Seated Leg Curl (G7S72-5PL-PF),"-1440'-7 1/16""","166'-2 11/16""","0'-0""",0.00,,,,true
1,Magnum_Incline_bench_MG-PL14,"-1260'-9 3/16""","-66'-10 1/4""","0'-0""",270.00,,,,true
1,Magnum_Squat_Lunge_MG-PL79,"-1447'-4 13/16""","83'-3 3/4""","0'-0""",270.00,,,,true
1,Magnum_Shoulder_MG-PL23,"-1432'-8 5/8""","71'-4 1/2""","0'-0""",270.00,,,,true
1,M Plate Loaded Row,"-1415'-9 7/8""","75'-8 5/8""","0'-0""",0.00,,,,true
1,M Plate Loaded Lat Pulldown,"-1436'-7 1/8""","63'-0 1/2""","0'-0""",0.00,,,,true
1,Magnum_Glute_Trainer_MG-PL78,"-1415'-10 5/16""","67'-3 5/16""","0'-0""",270.00,,,,true
1,Swing-90,"-1349'-7 1/2""","90'-6 13/16""","0'-0""",0.00,,,,true
1,M Plate Loaded Standing Calf,"-1425'-2 15/16""","79'-9 1/4""","0'-0""",0.00,,,,true
1,SciFit Up. (PRO1033-PF-4P1L-PF),"-1424'-10 9/16""","89'-4 3/16""","0'-0""",0.00,,,,true
1,Floor Mat Rack (ST-Mat-Rack),"-1385'-11""","184'-2 15/16""","0'-0""",270.00,,,,true
1,CLEARANCE,"-1426'-2 1/8""","92'-9 1/16""","0'-0""",270.00,,,,true
1,Bike Rec. (R5X-5PL-PF),"-1425'-8 1/2""","121'-2 7/8""","0'-0""",90.00,,,,true
1,Bike Up. (U5X-5PL-PF),"-1426'-0 7/16""","131'-5 7/8""","0'-0""",90.00,,,,true
1,Rower (ROWER-5PL-PF),"-1424'-8 5/8""","148'-6 7/8""","0'-0""",90.00,,,,true
1,Dip Chin Assist (G3S60-5PL-PF),"-1397'-5 11/16""","172'-7 11/16""","0'-0""",0.00,,,,true
1,SciFit Rec. (SONE04-PF-4P1L-PF),"-1425'-2 3/8""","96'-2 3/16""","0'-0""",0.00,,,,true
1,Xult 3 Ball Rack (X3BSR-PF),"-1354'-2 5/8""","157'-1 1/8""","0'-0""",0.00,,,,true
1,ADA Door,"-1346'-6 3/4""","90'-9 13/16""","0'-0""",0.00,,,,true
1,HOOK,"-1344'-8 9/16""","96'-11 3/8""","0'-0""",270.00,,,,true
1,Target Ab (TGT-P),"-1331'-5 3/4""","160'-2 5/8""","0'-0""",90.00,,,,true
1,ADA CBENCH,"-1349'-11 5/16""","77'-5 7/8""","0'-0""",180.00,,,,true
1,ADA Door,"-1351'-8 5/16""","84'-2 7/8""","0'-0""",180.00,,,,true
1,Swing-90,"-1354'-9 1/16""","84'-5 7/8""","0'-0""",0.00,,,,true
1,ADA Door,"-1357'-8 1/16""","90'-9 13/16""","0'-0""",0.00,,,,true
1,Swing-90,"-1360'-8 13/16""","90'-6 13/16""","0'-0""",0.00,,,,true
1,EX'G ADA,"-1341'-3 7/16""","104'-6 1/16""","0'-0""",180.00,,,,true
1,EX'G WALL TOILET,"-1340'-11 9/16""","99'-4 5/16""","0'-0""",0.00,,,,true
1,Sink-Bradley_Corp-Express-TLX1-Faucet-Soap - Express TLX-1 Faucet-Soap-799460-PLAN,"-1340'-8 1/16""","109'-1 9/16""","0'-0""",270.00,,,,true
1,HOOK,"-1344'-8 9/16""","104'-3 5/8""","0'-0""",270.00,,,,true
1,EX'G WALL TOILET,"-1340'-11 9/16""","101'-10 11/16""","0'-0""",180.00,,,,true
1,ADA Door,"-1346'-6 3/4""","110'-5 1/8""","0'-0""",180.00,,,,true
1,Swing-90,"-1349'-7 1/2""","110'-8 1/8""","0'-0""",0.00,,,,true
1,EX'G ADA,"-1341'-3 7/16""","96'-8 15/16""","0'-0""",0.00,,,,true
1,Sink-Bradley_Corp-Express-TLX1-Faucet-Soap - Express TLX-1 Faucet-Soap-799460-PLAN,"-1340'-8 1/16""","92'-1 7/16""","0'-0""",270.00,,,,true
1,ADA Shower Seat,"-1345'-10 7/8""","98'-7 5/8""","0'-0""",270.00,,,,true
1,ADA Shower Seat,"-1345'-10 7/8""","102'-7 3/8""","0'-0""",270.00,,,,true
1,ADA Door,"-1373'-8 7/16""","116'-11 1/16""","0'-0""",0.00,,,,true
1,HM5A,"-1414'-7 5/8""","113'-3 1/16""","0'-0""",0.00,,,,true
1,LF Optima Stretch (OP-FS),"-1412'-4 1/4""","184'-11 7/8""","0'-0""",270.00,,,,true
1,Total Gym (6000-P1),"-1340'-8""","154'-3 3/8""","0'-0""",90.00,,,,true
1,M Tire Flip,"-1346'-2 13/16""","170'-6 5/8""","0'-0""",270.00,,,,true
1,Stepmill (C5X-5PL-PF),"-1390'-6 5/16""","148'-6 7/8""","0'-0""",90.00,,,,true
1,Stepmill (C5X-5PL-PF),"-1390'-6 5/16""","145'-1 7/8""","0'-0""",90.00,,,,true
1,Stepmill (C5X-5PL-PF),"-1390'-6 5/16""","134'-10 7/8""","0'-0""",90.00,,,,true
1,Stepmill (C5X-5PL-PF),"-1390'-6 5/16""","131'-5 7/8""","0'-0""",90.00,,,,true
1,Stepmill (C5X-5PL-PF),"-1390'-6 5/16""","103'-0 1/16""","0'-0""",90.00,,,,true
1,Target Ab (TGT-P),"-1392'-10 7/8""","158'-10 7/8""","0'-0""",90.00,,,,true
1,Stepmill (C5X-5PL-PF),"-1390'-6 5/16""","99'-7 1/16""","0'-0""",90.00,,,,true
1,Stepmill (C5X-5PL-PF),"-1390'-6 5/16""","92'-9 1/16""","0'-0""",90.00,,,,true
1,Stepmill (C5X-5PL-PF),"-1390'-6 5/16""","89'-4 1/16""","0'-0""",90.00,,,,true
1,Treadmill (T5X-5PL-PF),"-1389'-6 1/2""","109'-10 1/16""","0'-0""",0.00,,,,true
1,Treadmill (T5X-5PL-PF),"-1389'-6 1/2""","106'-5 1/16""","0'-0""",0.00,,,,true
1,Treadmill (T5X-5PL-PF),"-1389'-6 1/2""","113'-3 1/16""","0'-0""",0.00,,,,true
1,Treadmill (T5X-5PL-PF),"-1389'-6 1/2""","124'-7 7/8""","0'-0""",0.00,,,,true
1,Treadmill (T5X-5PL-PF),"-1389'-6 1/2""","128'-0 7/8""","0'-0""",0.00,,,,true
1,Stepmill (C5X-5PL-PF),"-1390'-6 5/16""","96'-2 1/16""","0'-0""",90.00,,,,true
1,Body Weight Back Extension (BWBE-PF),"-1408'-5 1/2""","174'-7 1/8""","0'-0""",180.00,,,,true
1,Flat Bench (G3FW81-5PL-PF),"-1458'-1""","55'-3 3/4""","0'-0""",270.00,,,,true
1,Flat Adj. Incline Bench (MG-A82-5PL-PF),"-1396'-0 9/16""","191'-5 3/16""","0'-0""",180.00,,,,true
1,Beauty Bell Rack (BBUSET RACK),"-1405'-3 7/16""","178'-0 5/8""","0'-0""",0.00,,,,true
1,Barbell Rack (BARBELL SET),"-1408'-0""","178'-1 1/8""","0'-0""",0.00,,,,true
1,Dumbbell Rack (G3-FW91-5PL-PF),"-1390'-1""","195'-6 11/16""","0'-0""",0.00,,,,true
1,Flat Adj. Incline Bench (MG-A82-5PL-PF),"-1390'-5 15/16""","191'-5 3/16""","0'-0""",180.00,,,,true
1,Stretching Area,"-1391'-6 1/2""","179'-8 5/8""","0'-0""",180.00,,,,true
1,Insignia Glute,"-1423'-5 1/16""","166'-11 15/16""","0'-0""",90.00,,,,true
1,Connexus MED,"-1351'-4""","149'-11 3/16""","0'-0""",90.00,,,,true
1,M AirBike,"-1331'-8""","173'-5 3/8""","0'-0""",90.00,,,,true
1,Connexus Edge,"-1383'-4 9/16""","170'-6 11/16""","0'-0""",90.00,,,,true
1,Dip leg Ab Chair (MG-A63C-5PL-PF),"-1390'-1 3/16""","172'-2 13/16""","0'-0""",0.00,,,,true
1,Matrix Storage Rack (GFTORG-5PL-PF),"-1414'-3 1/4""","167'-0 7/8""","0'-0""",90.00,,,,true
1,FitBench One,"-1410'-4 1/16""","191'-4 3/8""","0'-0""",270.00,,,,true
1,FitBench One,"-1405'-10 15/16""","191'-4 3/8""","0'-0""",270.00,,,,true
1,FitBench One,"-1401'-5 13/16""","191'-4 3/8""","0'-0""",270.00,,,,true
1,Turf,"-1364'-2 3/16""","170'-6 11/16""","0'-0""",0.00,,,,true
1,M AirBike,"-1337'-0 1/8""","173'-5 3/8""","0'-0""",90.00,,,,true
1,Dip Leg Ab Chair,"-1390'-1 3/16""","172'-2 13/16""","0'-0""",90.00,,,,true
1,HOOK,"-1334'-10 3/4""","106'-11 1/16""","0'-0""",180.00,,,,true
1,Swing-90,"-1376'-9 3/16""","116'-8 1/16""","0'-0""",0.00,,,,true
1,ADA Door,"-1333'-3 1/16""","90'-9 13/16""","0'-0""",0.00,,,,true
1,Accessory (ACC RACK W. HANDLES),"-1439'-1 3/8""","174'-8 13/16""","0'-0""",0.00,,,,true
1,Smith Machine (MG-PL62-5PL-PF),"-1460'-1 3/16""","115'-2 5/8""","0'-0""",270.00,,,,true
1,Flat Adj. Incline Bench (MG-A82-5PL-PF),"-1460'-7 13/16""","115'-2 5/8""","0'-0""",270.00,,,,true
1,Smith Machine (MG-PL62-5PL-PF),"-1460'-1 3/16""","126'-9 1/4""","0'-0""",270.00,,,,true
1,Flat Adj. Incline Bench (MG-A82-5PL-PF),"-1460'-7 13/16""","126'-9 1/4""","0'-0""",270.00,,,,true
1,Hip Adductor - Abductor (VS-S74),"-1418'-2 15/16""","158'-10 1/16""","0'-0""",0.00,,,,true
1,Smith Machine (MG-PL62-5PL-PF),"-1448'-9 3/16""","105'-7 5/16""","0'-0""",270.00,,,,true
1,Flat Bench (G3FW81-5PL-PF),"-1458'-1""","82'-0 1/16""","0'-0""",270.00,,,,true
1,Flat Adj. Incline Bench (MG-A82-5PL-PF),"-1449'-3 13/16""","105'-7 5/16""","0'-0""",270.00,,,,true
1,Flat Adj. Incline Bench (MG-A82-5PL-PF),"-1449'-3 13/16""","94'-0 11/16""","0'-0""",270.00,,,,true
1,Magnum Half Rach MG-A690 with Landmine,"-1348'-9 1/2""","131'-8 1/16""","0'-0""",180.00,,,,true
1,dynamic_lockers,"-1371'-3""","70'-3""","0'-0""",90.00,,,,true
1,Matrix Towers Alt. Configuration 1,"-1456'-11 1/2""","154'-11 5/16""","0'-0""",270.00,,,,true
1,Magnum-Hack Squat-MG-PL71,"-1437'-6 1/8""","62'-5 1/4""","0'-0""",270.00,,,,true
1,Magnum-Seated Calf-MG-PL77,"-1445'-5 1/16""","68'-6 9/16""","0'-0""",270.00,,,,true
1,Swing-90,"-1330'-2 5/16""","90'-6 13/16""","0'-0""",180.00,,,,true
1,Smith Machine (MG-PL62-5PL-PF),"-1448'-9 3/16""","94'-0 11/16""","0'-0""",270.00,,,,true
1,Magnum-Vertical Bench-MG-PL12,"-1435'-9 15/16""","79'-7 3/4""","0'-0""",270.00,,,,true
1,Flat Adj. Incline Bench (MG-A82-5PL-PF),"-1458'-1""","76'-7 3/16""","0'-0""",270.00,,,,true
1,Dumbbell Rack (G3-FW91-5PL-PF),"-1464'-9 13/16""","76'-7 7/8""","0'-0""",90.00,,,,true
1,Glute (G7S78-5PL-PF),"-1417'-9 5/16""","172'-10 3/4""","0'-0""",270.00,,,,true
1,Prone Leg Curl (G7S73-5PL-PF),"-1405'-9 1/2""","169'-1 1/16""","0'-0""",180.00,,,,true
1,Torso Rotation (G7S55-5PL-PF),"-1374'-7 3/16""","153'-0 15/16""","0'-0""",270.00,,,,true
1,Hip Adductor - Abductor (VS-S74),"-1423'-5 9/16""","158'-10""","0'-0""",0.00,,,,true
1,Magnum Half Rach MG-A690 with Landmine,"-1359'-2 13/16""","131'-8 1/16""","0'-0""",180.00,,,,true
1,Smith Machine (MG-PL62-5PL-PF),"-1448'-9 3/16""","117'-1 15/16""","0'-0""",270.00,,,,true
1,Flat Adj. Incline Bench (MG-A82-5PL-PF),"-1449'-3 13/16""","117'-1 7/8""","0'-0""",270.00,,,,true
1,Dumbbell Rack (G3-FW91-5PL-PF),"-1464'-9 13/16""","67'-0 9/16""","0'-0""",90.00,,,,true
1,Smith Machine (MG-PL62-5PL-PF),"-1460'-1 3/16""","103'-8""","0'-0""",270.00,,,,true
1,Beauty Bell Rack (BBUSET RACK),"-1465'-1 7/16""","120'-11 15/16""","0'-0""",180.00,,,,true
1,Barbell Rack (BARBELL SET),"-1464'-8 5/8""","109'-5 11/16""","0'-0""",180.00,,,,true
1,Decline. Ab Board (G3FW83-5PL-PF),"-1458'-8 11/16""","60'-5 1/4""","0'-0""",270.00,,,,true
1,Flat Adj. Incline Bench (MG-A82-5PL-PF),"-1458'-1""","65'-8 9/16""","0'-0""",270.00,,,,true
1,Flat Bench (G3FW81-5PL-PF),"-1458'-1""","71'-1 3/8""","0'-0""",270.00,,,,true
1,Dumbbell Rack (G3-FW91-5PL-PF),"-1464'-9 13/16""","57'-5 1/4""","0'-0""",90.00,,,,true
1,Plate Loaded Leg Press (MG-PL70-5PL-PF),"-1461'-1 7/16""","88'-9 5/8""","0'-0""",90.00,,,,true
1,Flat Adj. Incline Bench (MG-A82-5PL-PF),"-1460'-7 13/16""","103'-8""","0'-0""",270.00,,,,true
1,M Plate Loaded Horizontal Bench Press,"-1436'-10 5/16""","71'-2 9/16""","0'-0""",0.00,,,,true
1,Magnum-Preacher Curl-MG-A62,"-1445'-10 5/8""","74'-0 3/4""","0'-0""",270.00,,,,true
1,ADA Door,"-1357'-2 5/16""","84'-2 7/8""","0'-0""",180.00,,,,true
1,EX'G MOPSINK,"-1367'-8 5/16""","124'-8 1/16""","0'-0""",90.00,,,,true
1,Swing-90,"-1360'-8 13/16""","110'-8 1/16""","0'-0""",0.00,,,,true
1,EX'G ADA,"-1352'-4 11/16""","96'-8 7/8""","0'-0""",0.00,,,,true
1,Sink-Bradley_Corp-Express-TLX1-Faucet-Soap - Express TLX-1 Faucet-Soap-799460-PLAN,"-1351'-9 5/16""","92'-1 3/8""","0'-0""",270.00,,,,true
1,ADA Shower Seat,"-1357'-0 1/8""","98'-7 9/16""","0'-0""",270.00,,,,true
1,HOOK,"-1355'-9 13/16""","96'-11 5/16""","0'-0""",270.00,,,,true
1,EX'G WALL TOILET,"-1352'-0 13/16""","99'-4 1/4""","0'-0""",0.00,,,,true
1,EX'G WALL TOILET,"-1352'-0 13/16""","101'-10 5/8""","0'-0""",180.00,,,,true
1,EX'G ADA DF,"-1379'-4 3/16""","82'-8 3/4""","0'-0""",270.00,,,,true
1,EX'G WALL TOILET,"-1337'-4 1/4""","101'-10 5/8""","0'-0""",180.00,,,,true
1,Sink-Bradley_Corp-Express-TLX1-Faucet-Soap - Express TLX-1 Faucet-Soap-799460-PLAN,"-1332'-2 3/16""","103'-4 5/8""","0'-0""",180.00,,,,true
1,ADA Door,"-1333'-3 1/16""","110'-5 1/8""","0'-0""",180.00,,,,true
1,Swing-90,"-1330'-2 5/16""","110'-8 1/8""","0'-0""",180.00,,,,true
1,HOOK,"-1334'-10 3/4""","94'-3 7/8""","0'-0""",0.00,,,,true
1,EX'G WALL TOILET,"-1337'-4 1/4""","99'-4 5/16""","0'-0""",0.00,,,,true
1,Sink-Bradley_Corp-Express-TLX1-Faucet-Soap - Express TLX-1 Faucet-Soap-799460-PLAN,"-1332'-2 3/16""","97'-10 5/16""","0'-0""",0.00,,,,true
1,HOOK,"-1334'-10 3/4""","106'-11 1/16""","0'-0""",180.00,,,,true
1,HOOK,"-1355'-9 13/16""","104'-3 9/16""","0'-0""",270.00,,,,true
1,ADA Door,"-1357'-8 1/16""","110'-5 1/16""","0'-0""",180.00,,,,true
1,Sink-Bradley_Corp-Express-TLX1-Faucet-Soap - Express TLX-1 Faucet-Soap-799460-PLAN,"-1351'-9 5/16""","109'-1 1/2""","0'-0""",270.00,,,,true
1,Swing-90,"-1360'-3 1/16""","84'-5 7/8""","0'-0""",0.00,,,,true
1,ADA Door,"-1333'-3 1/16""","84'-2 7/8""","0'-0""",180.00,,,,true
1,Swing-90,"-1330'-2 5/16""","84'-5 7/8""","0'-0""",180.00,,,,true
1,Pec fly. rear Delt (G7S22-5PL-PF),"-1449'-6""","146'-11 5/16""","0'-0""",270.00,,,,true
1,Magnum Half Rach MG-A690 with Landmine,"-1369'-8 3/16""","131'-8""","0'-0""",180.00,,,,true
1,ADA Shower Seat,"-1357'-0 1/8""","102'-7 5/16""","0'-0""",270.00,,,,true
1,EX'G WALL TOILET,"-1338'-1 5/8""","76'-11 7/8""","0'-0""",90.00,,,,true
1,Ab w- Graduated Stack (G7S51-5PL-PF),"-1386'-5 15/16""","158'-9 11/16""","0'-0""",180.00,,,,true
1,Sink-Bradley_Corp-Express-TLX1-Faucet-Soap - Express TLX-1 Faucet-Soap-799460-PLAN,"-1336'-7 5/8""","82'-5 13/16""","0'-0""",90.00,,,,true
1,Ab w- Graduated Stack (VS-S53-PH-5PL-PF),"-1380'-11 9/16""","159'-7 3/8""","0'-0""",180.00,,,,true
1,Pec fly. rear Delt (G7S22-5PL-PF),"-1449'-6""","162'-11 5/16""","0'-0""",270.00,,,,true
1,ADA Door,"-1373'-3 1/16""","84'-2 7/8""","0'-0""",180.00,,,,true
1,Swing-90,"-1376'-3 13/16""","84'-5 7/8""","0'-0""",0.00,,,,true
1,ADA Door,"-1350'-9 15/16""","71'-7 1/8""","0'-0""",270.00,,,,true
1,Swing-90,"-1350'-9 15/16""","71'-7 1/8""","0'-0""",270.00,,,,true
1,EX'G ADA,"-1352'-4 11/16""","104'-5 15/16""","0'-0""",180.00,,,,true
1,Hip Adductor - Abductor (VS-S74),"-1413'-0 3/8""","158'-10 1/16""","0'-0""",0.00,,,,true
2,F13,"-1453'-8 11/16""","199'-4 13/16""","0'-0""",90.00,,,,true
2,Stepmill (C5X-5PL-PF),"-1390'-6 5/16""","141'-8 7/8""","0'-0""",90.00,,,,true
2,Stepmill (C5X-5PL-PF),"-1390'-6 5/16""","138'-3 7/8""","0'-0""",90.00,,,,true
2,F13,"-1441'-3 11/16""","199'-4 13/16""","0'-0""",90.00,,,,true
2,F13,"-1461'-11""","182'-7 1/16""","0'-0""",90.00,,,,true
